Borough,Neighborhood,ZipCode
Brooklyn,Central Brooklyn,11212
Brooklyn,Central Brooklyn,11213
Brooklyn,Central Brooklyn,11216
Brooklyn,Central Brooklyn,11233
Brooklyn,Central Brooklyn,11238
Brooklyn,Southwest Brooklyn,11209
Brooklyn,Southwest Brooklyn,11214
Brooklyn,Southwest Brooklyn,11228
Brooklyn,Borough Park,11204
Brooklyn,Borough Park,11218
Brooklyn,Borough Park,11219
Brooklyn,Borough Park,11230
Brooklyn,Canarsie and Flatlands,11234
Brooklyn,Canarsie and Flatlands,11236
Brooklyn,Canarsie and Flatlands,11239
Brooklyn,Southern Brooklyn,11223
Brooklyn,Southern Brooklyn,11224
Brooklyn,Southern Brooklyn,11229
Brooklyn,Southern Brooklyn,11235
Brooklyn,Northwest Brooklyn,11201
Brooklyn,Northwest Brooklyn,11205
Brooklyn,Northwest Brooklyn,11215
Brooklyn,Northwest Brooklyn,11217
Brooklyn,Northwest Brooklyn,11231
Brooklyn,Flatbush,11203
Brooklyn,Flatbush,11210
Brooklyn,Flatbush,11225
Brooklyn,Flatbush,11226
Brooklyn,East New York and New Lots,11207
Brooklyn,East New York and New Lots,11208
Brooklyn,Greenpoint,11211
Brooklyn,Greenpoint,11222
Brooklyn,Sunset Park,11220
Brooklyn,Sunset Park,11232
Brooklyn,Bushwick and Williamsburg,11206
Brooklyn,Bushwick and Williamsburg,11221
Brooklyn,Bushwick and Williamsburg,11237
Manhattan,Central Harlem,10026
Manhattan,Central Harlem,10027
Manhattan,Central Harlem,10030
Manhattan,Central Harlem,10037
Manhattan,Central Harlem,10039
Manhattan,Chelsea and Clinton,10001
Manhattan,Chelsea and Clinton,10011
Manhattan,Chelsea and Clinton,10018
Manhattan,Chelsea and Clinton,10019
Manhattan,Chelsea and Clinton,10020
Manhattan,Chelsea and Clinton,10036
Manhattan,East Harlem,10029
Manhattan,East Harlem,10035
Manhattan,Gramercy Park and Murray Hill,10010
Manhattan,Gramercy Park and Murray Hill,10016
Manhattan,Gramercy Park and Murray Hill,10017
Manhattan,Gramercy Park and Murray Hill,10022
Manhattan,Greenwich Village and Soho,10012
Manhattan,Greenwich Village and Soho,10013
Manhattan,Greenwich Village and Soho,10014
Manhattan,Lower Manhattan,10004
Manhattan,Lower Manhattan,10005
Manhattan,Lower Manhattan,10006
Manhattan,Lower Manhattan,10007
Manhattan,Lower Manhattan,10038
Manhattan,Lower Manhattan,10280
Manhattan,Lower East Side,10002
Manhattan,Lower East Side,10003
Manhattan,Lower East Side,10009
Manhattan,Upper East Side,10021
Manhattan,Upper East Side,10028
Manhattan,Upper East Side,10044
Manhattan,Upper East Side,10065
Manhattan,Upper East Side,10075
Manhattan,Upper East Side,10128
Manhattan,Upper West Side,10023
Manhattan,Upper West Side,10024
Manhattan,Upper West Side,10025
Manhattan,Inwood and Washington Heights,10031
Manhattan,Inwood and Washington Heights,10032
Manhattan,Inwood and Washington Heights,10033
Manhattan,Inwood and Washington Heights,10034
Manhattan,Inwood and Washington Heights,10040
