,solddate,price,beds,baths,sqft,sqftlot,href
,"Sold - Nov 16, 2022","$435,000",2bed,1bath,758sqft,1.97acre lot,/realestateandhomes-detail/414-Sprout-Brook-Rd_Garrison_NY_10524_M47759-92413
,"Sold - Nov 1, 2022","$720,000",3bed,2.5bath,"1,924sqft",1.09acre lot,/realestateandhomes-detail/119-Cedar-Rd_Katonah_NY_10536_M49626-60422
,"Sold - Nov 1, 2022","$660,000",4bed,2bath,"1,853sqft",1.82acre lot,/realestateandhomes-detail/623-Millwood-Rd_Mount-Kisco_NY_10549_M40344-25103
"Image for 45 Pines Ln, Chappaqua, NY 10514 is not found","Sold - Oct 25, 2022","$437,272",5bed,3.5bath,"2,955sqft",1.41acre lot,/realestateandhomes-detail/45-Pines-Ln_Chappaqua_NY_10514_M45133-29729
"Image for 133 Peaceable Hill Rd, Brewster, NY 10509 is not found","Sold - Oct 24, 2022","$440,000",3bed,2bath,"1,398sqft",1acre lot,/realestateandhomes-detail/133-Peaceable-Hill-Rd_Brewster_NY_10509_M40901-46522
"Image for 54 Nicole Way, Mahopac, NY 10541 is not found","Sold - Oct 21, 2022","$717,500",3bed,2bath,"2,950sqft",1.54acre lot,/realestateandhomes-detail/54-Nicole-Way_Mahopac_NY_10541_M46416-64801
"Image for 25 Winston Ln, Garrison, NY 10524 is not found","Sold - Oct 21, 2022","$624,500",3bed,2.5bath,"2,144sqft",1.17acre lot,/realestateandhomes-detail/25-Winston-Ln_Garrison_NY_10524_M49320-24914
"Image for 2061 Long Ridge Rd, Stamford, CT 06903 is not found","Sold - Oct 21, 2022","$790,000",5bed,3.5bath,"3,159sqft",1.09acre lot,/realestateandhomes-detail/2061-Long-Ridge-Rd_Stamford_CT_06903_M32703-83770
"Image for 18 Brandon Dr, Mount Kisco, NY 10549 is not found","Sold - Oct 20, 2022","$450,000",5bed,3bath,"2,225sqft",1.94acre lot,/realestateandhomes-detail/18-Brandon-Dr_Mount-Kisco_NY_10549_M30000-02848
"Image for 84 Harvey Rd, Ridgefield, CT 06877 is not found","Sold - Oct 20, 2022","$550,000",3bed,1bath,"1,406sqft",1.11acre lot,/realestateandhomes-detail/84-Harvey-Rd_Ridgefield_CT_06877_M42558-00607
"Image for 61 Lounsbury Rd, Ridgefield, CT 06877 is not found","Sold - Oct 19, 2022","$780,000",4bed,2.5bath,"3,044sqft",3.2acre lot,/realestateandhomes-detail/61-Lounsbury-Rd_Ridgefield_CT_06877_M49122-80782
"Image for 442 Waverly Rd, Shelton, CT 06484 is not found","Sold - Oct 18, 2022","$636,000",3bed,2.5bath,"2,788sqft",1.69acre lot,/realestateandhomes-detail/442-Waverly-Rd_Shelton_CT_06484_M34616-95746
"Image for 2 Greenlawn Rd, Katonah, NY 10536 is not found","Sold - Oct 18, 2022","$730,000",4bed,3bath,"2,382sqft",1.79acre lot,/realestateandhomes-detail/2-Greenlawn-Rd_Katonah_NY_10536_M32863-92136
"Image for 128 Davis Hill Rd, Weston, CT 06883 is not found","Sold - Oct 18, 2022","$750,000",3bed,2bath,"1,641sqft",3.5acre lot,/realestateandhomes-detail/128-Davis-Hill-Rd_Weston_CT_06883_M41668-82326
"Image for 22 Old Town Rd, Bethel, CT 06801 is not found","Sold - Oct 18, 2022","$575,000",3bed,2.5bath,"2,240sqft",1.51acre lot,/realestateandhomes-detail/22-Old-Town-Rd_Bethel_CT_06801_M42098-82668
"Image for 43 Ganung Dr, Ossining, NY 10562 is not found","Sold - Oct 17, 2022","$700,000",3bed,2bath,"1,780sqft",1.22acre lot,/realestateandhomes-detail/43-Ganung-Dr_Ossining_NY_10562_M40134-38783
"Image for 54 Sugar Ln, Newtown, CT 06470 is not found","Sold - Oct 17, 2022","$490,000",3bed,2.5bath,"1,604sqft",1.4acre lot,/realestateandhomes-detail/54-Sugar-Ln_Newtown_CT_06470_M31350-79356
"Image for 2 Easton Heights Ln, Easton, CT 06612 is not found","Sold - Oct 17, 2022","$763,831",5bed,4.5bath,"4,691sqft",10.37acre lot,/realestateandhomes-detail/2-Easton-Heights-Ln_Easton_CT_06612_M31491-50474
"Image for 697 Sport Hill Rd, Easton, CT 06612 is not found","Sold - Oct 17, 2022","$445,000",3bed,1.5bath,"1,720sqft",3acre lot,/realestateandhomes-detail/697-Sport-Hill-Rd_Easton_CT_06612_M37337-90840
"Image for 10 Tranquility Dr, Easton, CT 06612 is not found","Sold - Oct 14, 2022","$660,000",4bed,4.5bath,"4,407sqft",3.1acre lot,/realestateandhomes-detail/10-Tranquility-Dr_Easton_CT_06612_M36281-79159
"Image for 25 Oslo Path, Carmel, NY 10512 is not found","Sold - Oct 14, 2022","$514,000",2bed,1.5bath,"1,386sqft",3.13acre lot,/realestateandhomes-detail/25-Oslo-Path_Carmel_NY_10512_M41981-62820
"Image for 223 Georgetown Rd, Weston, CT 06883 is not found","Sold - Oct 14, 2022","$555,000",3bed,2bath,"1,672sqft",2.08acre lot,/realestateandhomes-detail/223-Georgetown-Rd_Weston_CT_06883_M39530-13081
"Image for 10 Peaceable St, Redding, CT 06896 is not found","Sold - Oct 13, 2022","$695,000",3bed,2.5bath,"1,494sqft",2acre lot,/realestateandhomes-detail/10-Peaceable-St_Redding_CT_06896_M39544-68196
"Image for 38 Meeker Hill Rd, Redding, CT 06896 is not found","Sold - Oct 13, 2022","$575,000",3bed,2.5bath,"2,425sqft",2.41acre lot,/realestateandhomes-detail/38-Meeker-Hill-Rd_Redding_CT_06896_M45116-49155
"Image for 9 Longview Heights Rd, Newtown, CT 06470 is not found","Sold - Oct 13, 2022","$500,000",3bed,2.5bath,"1,849sqft",2.19acre lot,/realestateandhomes-detail/9-Longview-Heights-Rd_Newtown_CT_06470_M46194-38524
"Image for 314 N Salem Rd, Ridgefield, CT 06877 is not found","Sold - Oct 12, 2022","$485,000",3bed,1bath,"1,233sqft",1.08acre lot,/realestateandhomes-detail/314-N-Salem-Rd_Ridgefield_CT_06877_M45340-16760
"Image for 29 Aunt Pattys Ln W, Bethel, CT 06801 is not found","Sold - Oct 11, 2022","$675,000",3bed,2.5bath,"3,090sqft",4.06acre lot,/realestateandhomes-detail/29-Aunt-Pattys-Ln-W_Bethel_CT_06801_M39350-80643
"Image for 128 Old Hawleyville Rd, Bethel, CT 06801 is not found","Sold - Oct 11, 2022","$708,000",4bed,3.5bath,"3,600sqft",1.5acre lot,/realestateandhomes-detail/128-Old-Hawleyville-Rd_Bethel_CT_06801_M38682-68922
"Image for 147 Merrimac Dr, Trumbull, CT 06611 is not found","Sold - Oct 11, 2022","$515,000",3bed,2.5+bath,"3,127sqft",1.17acre lot,/realestateandhomes-detail/147-Merrimac-Dr_Trumbull_CT_06611_M39964-50649
"Image for 21 Rock Ridge Rd, Newtown, CT 06470 is not found","Sold - Oct 11, 2022","$459,000",3bed,2bath,"1,872sqft",1.22acre lot,/realestateandhomes-detail/21-Rock-Ridge-Rd_Newtown_CT_06470_M46804-12087
"Image for 1205 Daniels Farm Rd, Trumbull, CT 06611 is not found","Sold - Oct 7, 2022","$559,900",4bed,2.5bath,"2,142sqft",1acre lot,/realestateandhomes-detail/1205-Daniels-Farm-Rd_Trumbull_CT_06611_M44729-26508
"Image for 105 Danbury Rd, Wilton, CT 06897 is not found","Sold - Oct 7, 2022","$600,000",3bed,2bath,"1,066sqft",1.02acre lot,/realestateandhomes-detail/105-Danbury-Rd_Wilton_CT_06897_M39405-92150
"Image for 95 Great Oak Ln, Redding, CT 06896 is not found","Sold - Oct 6, 2022","$727,000",6bed,3bath,"2,440sqft",2.05acre lot,/realestateandhomes-detail/95-Great-Oak-Ln_Redding_CT_06896_M48858-70601
"Image for 148 Cross Hill Rd, Monroe, CT 06468 is not found","Sold - Oct 6, 2022","$445,000",3bed,2bath,"2,130sqft",1.2acre lot,/realestateandhomes-detail/148-Cross-Hill-Rd_Monroe_CT_06468_M40300-32338
"Image for 35 Key Rock Rd, Newtown, CT 06470 is not found","Sold - Oct 6, 2022","$276,000",3bed,1.5bath,"1,200sqft",1.39acre lot,/realestateandhomes-detail/35-Key-Rock-Rd_Newtown_CT_06470_M33743-52601
"Image for 25 Lakeview Rd, Ossining, NY 10562 is not found","Sold - Oct 6, 2022","$625,000",3bed,2bath,"2,017sqft",1.23acre lot,/realestateandhomes-detail/25-Lakeview-Rd_Ossining_NY_10562_M45233-38524
"Image for 1487 Westview Dr, Yorktown Heights, NY 10598 is not found","Sold - Oct 6, 2022","$675,000",4bed,3bath,"2,200sqft",1.27acre lot,/realestateandhomes-detail/1487-Westview-Dr_Yorktown-Heights_NY_10598_M30295-68559
"Image for 260 Gilbert Hwy, Fairfield, CT 06824 is not found","Sold - Oct 5, 2022","$800,000",4bed,2.5bath,"2,424sqft",2.19acre lot,/realestateandhomes-detail/260-Gilbert-Hwy_Fairfield_CT_06824_M33412-53963
"Image for 9 Oak Ledge Ln, Wilton, CT 06897 is not found","Sold - Oct 5, 2022","$684,950",4bed,2.5bath,"1,363sqft",1.58acre lot,/realestateandhomes-detail/9-Oak-Ledge-Ln_Wilton_CT_06897_M31956-08693
"Image for 44 Old Logging Rd, Stamford, CT 06903 is not found","Sold - Oct 5, 2022","$725,000",4bed,2.5bath,"1,660sqft",1.09acre lot,/realestateandhomes-detail/44-Old-Logging-Rd_Stamford_CT_06903_M46227-95608
"Image for 18 Laurel Rd, Pound Ridge, NY 10576 is not found","Sold - Oct 5, 2022","$700,000",5bed,5.5bath,"5,282sqft",2.13acre lot,/realestateandhomes-detail/18-Laurel-Rd_Pound-Ridge_NY_10576_M45764-63311
"Image for 13 Old Castle Dr, Newtown, CT 06470 is not found","Sold - Oct 4, 2022","$769,000",4bed,2.5bath,"3,559sqft",1.03acre lot,/realestateandhomes-detail/13-Old-Castle-Dr_Newtown_CT_06470_M36926-15122
,"Sold - Oct 4, 2022","$755,000",4bed,3.5bath,"3,150sqft",3.1acre lot,/realestateandhomes-detail/115-Blanket-Meadow-Rd_Monroe_CT_06468_M30835-71343
,"Sold - Oct 4, 2022","$575,000",3bed,2bath,"2,152sqft",1.2acre lot,/realestateandhomes-detail/20-Indian-Rd_Trumbull_CT_06611_M33329-56436
,"Sold - Oct 4, 2022","$700,000",2bed,2.5bath,"1,430sqft",1.31acre lot,/realestateandhomes-detail/10-Beers-Rd_Easton_CT_06612_M49921-84037
"Image for 72 Regan Rd, Ridgefield, CT 06877 is not found","Sold - Oct 3, 2022","$645,000",4bed,2bath,"1,548sqft",1.01acre lot,/realestateandhomes-detail/72-Regan-Rd_Ridgefield_CT_06877_M37063-06244
"Image for 12 Lima Dr, Monroe, CT 06468 is not found","Sold - Oct 3, 2022","$465,000",3bed,2.5bath,"1,880sqft",1.12acre lot,/realestateandhomes-detail/12-Lima-Dr_Monroe_CT_06468_M32202-43407
"Image for 111 Crabapple Rd, Trumbull, CT 06611 is not found","Sold - Oct 3, 2022","$750,000",4bed,2.5bath,"2,470sqft",1acre lot,/realestateandhomes-detail/111-Crabapple-Rd_Trumbull_CT_06611_M43346-64971
"Image for 15 Brookhedge Rd, Trumbull, CT 06611 is not found","Sold - Oct 3, 2022","$545,000",4bed,2.5bath,"1,500sqft",1.06acre lot,/realestateandhomes-detail/15-Brookhedge-Rd_Trumbull_CT_06611_M49377-02452
"Image for 21 Maltbie Rd, Newtown, CT 06470 is not found","Sold - Oct 3, 2022","$500,000",3bed,2.5bath,"2,140sqft",2.36acre lot,/realestateandhomes-detail/21-Maltbie-Rd_Newtown_CT_06470_M48827-96940
"Image for 45 Kellogg Hill Rd, Weston, CT 06883 is not found","Sold - Oct 3, 2022","$500,000",3bed,2bath,"1,170sqft",2.09acre lot,/realestateandhomes-detail/45-Kellogg-Hill-Rd_Weston_CT_06883_M38982-32146
"Image for 15 Hackberry Hill Rd, Weston, CT 06883 is not found","Sold - Oct 3, 2022","$525,457",4bed,2bath,"1,952sqft",5.68acre lot,/realestateandhomes-detail/15-Hackberry-Hill-Rd_Weston_CT_06883_M36665-49781
"Image for 37 Portland Hill Rd, Redding, CT 06896 is not found","Sold - Oct 3, 2022","$400,000",2bed,1bath,"1,000sqft",1acre lot,/realestateandhomes-detail/37-Portland-Hill-Rd_Redding_CT_06896_M43260-27496
"Image for 14 Reimer Rd, Westport, CT 06880 is not found","Sold - Oct 3, 2022","$690,000",3bed,2bath,"1,987sqft",1.01acre lot,/realestateandhomes-detail/14-Reimer-Rd_Westport_CT_06880_M46735-50079
"Image for 30 Shad Rd W, Pound Ridge, NY 10576 is not found","Sold - Oct 3, 2022","$460,000",3bed,2bath,"1,490sqft",2.34acre lot,/realestateandhomes-detail/30-Shad-Rd-W_Pound-Ridge_NY_10576_M45740-50471
"Image for 11 Godfrey Ln, Wilton, CT 06897 is not found","Sold - Oct 3, 2022","$350,000",4bed,2bath,"1,848sqft",1.22acre lot,/realestateandhomes-detail/11-Godfrey-Ln_Wilton_CT_06897_M36681-52217
"Image for 23 Candlewood Rd, Trumbull, CT 06611 is not found","Sold - Sep 30, 2022","$478,800",3bed,2bath,"1,740sqft",1.08acre lot,/realestateandhomes-detail/23-Candlewood-Rd_Trumbull_CT_06611_M41258-80159
"Image for 47 Key Rock Rd, Newtown, CT 06470 is not found","Sold - Sep 29, 2022","$360,000",2bed,1bath,960sqft,1.53acre lot,/realestateandhomes-detail/47-Key-Rock-Rd_Newtown_CT_06470_M36007-54574
"Image for 41 Key Rock Rd, Newtown, CT 06470 is not found","Sold - Sep 28, 2022","$486,000",4bed,2bath,"1,642sqft",1.33acre lot,/realestateandhomes-detail/41-Key-Rock-Rd_Newtown_CT_06470_M38142-51159
"Image for 55 Long Ridge Rd, Redding, CT 06896 is not found","Sold - Sep 28, 2022","$452,000",3bed,2bath,"1,392sqft",2.74acre lot,/realestateandhomes-detail/55-Long-Ridge-Rd_Redding_CT_06896_M44593-61889
"Image for 750 Ethan Allen Hwy, Ridgefield, CT 06877 is not found","Sold - Sep 28, 2022","$510,000",4bed,2bath,"1,136sqft",1.02acre lot,/realestateandhomes-detail/750-Ethan-Allen-Hwy_Ridgefield_CT_06877_M38731-00196
"Image for 12 Sleepy Hollow Rd, Ridgefield, CT 06877 is not found","Sold - Sep 28, 2022","$595,000",5bed,2.5bath,"2,959sqft",1.09acre lot,/realestateandhomes-detail/12-Sleepy-Hollow-Rd_Ridgefield_CT_06877_M40280-94326
"Image for 105 Huntingtown Rd, Newtown, CT 06470 is not found","Sold - Sep 27, 2022","$625,000",5bed,3.5bath,"2,600sqft",3.47acre lot,/realestateandhomes-detail/105-Huntingtown-Rd_Newtown_CT_06470_M37357-57711
"Image for 287 Stanley Rd, Monroe, CT 06468 is not found","Sold - Sep 27, 2022","$635,000",4bed,2.5bath,"2,700sqft",1.1acre lot,/realestateandhomes-detail/287-Stanley-Rd_Monroe_CT_06468_M31837-22784
"Image for 26 Deer Hill Rd, Redding, CT 06896 is not found","Sold - Sep 27, 2022","$600,000",4bed,2.5bath,"2,292sqft",2.03acre lot,/realestateandhomes-detail/26-Deer-Hill-Rd_Redding_CT_06896_M44764-70105
"Image for 23 Laurel Ln, Ridgefield, CT 06877 is not found","Sold - Sep 27, 2022","$615,000",4bed,2bath,"1,673sqft",1.14acre lot,/realestateandhomes-detail/23-Laurel-Ln_Ridgefield_CT_06877_M38493-61791
"Image for 4858 Madison Ave, Trumbull, CT 06611 is not found","Sold - Sep 26, 2022","$720,000",4bed,3.5bath,"3,090sqft",3.1acre lot,/realestateandhomes-detail/4858-Madison-Ave_Trumbull_CT_06611_M44150-84875
"Image for 58 E Maiden Ln, Monroe, CT 06468 is not found","Sold - Sep 26, 2022","$390,000",3bed,1bath,"1,008sqft",1.01acre lot,/realestateandhomes-detail/58-E-Maiden-Ln_Monroe_CT_06468_M42918-25584
"Image for 26 Kingsbury Dr, Trumbull, CT 06611 is not found","Sold - Sep 26, 2022","$650,000",4bed,2.5bath,"2,700sqft",1.31acre lot,/realestateandhomes-detail/26-Kingsbury-Dr_Trumbull_CT_06611_M30442-10284
"Image for 4 Dover Cir, Newtown, CT 06470 is not found","Sold - Sep 23, 2022","$800,000",4bed,4.5bath,"3,863sqft",2acre lot,/realestateandhomes-detail/4-Dover-Cir_Newtown_CT_06470_M35964-68991
"Image for 69 Walnut Hill Rd, Ridgefield, CT 06877 is not found","Sold - Sep 23, 2022","$516,000",4bed,2bath,"2,096sqft",2.1acre lot,/realestateandhomes-detail/69-Walnut-Hill-Rd_Ridgefield_CT_06877_M35434-82934
"Image for 54 Dayton Rd, Redding, CT 06896 is not found","Sold - Sep 22, 2022","$735,000",3bed,2.5bath,"2,627sqft",2acre lot,/realestateandhomes-detail/54-Dayton-Rd_Redding_CT_06896_M40855-84486
"Image for 235 N Salem Rd, Ridgefield, CT 06877 is not found","Sold - Sep 21, 2022","$779,000",4bed,2.5bath,"2,406sqft",1acre lot,/realestateandhomes-detail/235-N-Salem-Rd_Ridgefield_CT_06877_M31700-60704
"Image for 191 Hattertown Rd, Newtown, CT 06470 is not found","Sold - Sep 21, 2022","$506,000",4bed,2.5bath,"2,498sqft",2.03acre lot,/realestateandhomes-detail/191-Hattertown-Rd_Newtown_CT_06470_M33404-40593
"Image for 260 Sport Hill Rd, Easton, CT 06612 is not found","Sold - Sep 21, 2022","$555,000",3bed,1.5bath,"2,245sqft",1.11acre lot,/realestateandhomes-detail/260-Sport-Hill-Rd_Easton_CT_06612_M49817-78432
"Image for 69 Dogwood Ln, Stamford, CT 06903 is not found","Sold - Sep 21, 2022","$600,000",4bed,3bath,"2,077sqft",1.51acre lot,/realestateandhomes-detail/69-Dogwood-Ln_Stamford_CT_06903_M37433-14474
"Image for 248 Bennetts Farm Rd, Ridgefield, CT 06877 is not found","Sold - Sep 21, 2022","$510,000",3bed,2bath,"1,118sqft",1.13acre lot,/realestateandhomes-detail/248-Bennetts-Farm-Rd_Ridgefield_CT_06877_M41339-29602
"Image for 37 Bayne St, Norwalk, CT 06851 is not found","Sold - Sep 21, 2022","$565,000",4bed,3bath,"1,777sqft",1.09acre lot,/realestateandhomes-detail/37-Bayne-St_Norwalk_CT_06851_M40734-17935
"Image for 36 Quaker Ridge Rd, Stamford, CT 06903 is not found","Sold - Sep 21, 2022","$800,000",5bed,4bath,"2,900sqft",1.01acre lot,/realestateandhomes-detail/36-Quaker-Ridge-Rd_Stamford_CT_06903_M36402-53141
"Image for 215 Ridgebury Rd, Ridgefield, CT 06877 is not found","Sold - Sep 21, 2022","$435,155",4bed,3.5+bath,"2,936sqft",1.1acre lot,/realestateandhomes-detail/215-Ridgebury-Rd_Ridgefield_CT_06877_M35345-18289
"Image for 6 Packer Brook Rd, Redding, CT 06896 is not found","Sold - Sep 20, 2022","$450,000",3bed,3bath,"2,543sqft",6.38acre lot,/realestateandhomes-detail/6-Packer-Brook-Rd_Redding_CT_06896_M44242-23255
"Image for 28 Little Brook Ln, Newtown, CT 06470 is not found","Sold - Sep 20, 2022","$650,000",4bed,3bath,"2,573sqft",7.11acre lot,/realestateandhomes-detail/28-Little-Brook-Ln_Newtown_CT_06470_M38159-96177
"Image for 108 Cooper Rd, Ridgefield, CT 06877 is not found","Sold - Sep 20, 2022","$765,000",3bed,2bath,"1,608sqft",1.15acre lot,/realestateandhomes-detail/108-Cooper-Rd_Ridgefield_CT_06877_M34644-87543
"Image for 5 Old Sport Hill Rd, Easton, CT 06612 is not found","Sold - Sep 20, 2022","$750,000",4bed,2.5bath,"1,975sqft",1.57acre lot,/realestateandhomes-detail/5-Old-Sport-Hill-Rd_Easton_CT_06612_M37270-56893
,"Sold - Sep 19, 2022","$620,000",4bed,2.5bath,"2,776sqft",1.15acre lot,/realestateandhomes-detail/15-Westfield-Dr_Trumbull_CT_06611_M41148-33176
,"Sold - Sep 19, 2022","$524,000",4bed,3bath,"1,971sqft",1.28acre lot,/realestateandhomes-detail/4-Dogwood-Park-N_Danbury_CT_06811_M43034-48982
,"Sold - Sep 19, 2022","$625,000",3bed,2.5bath,"3,077sqft",1acre lot,/realestateandhomes-detail/116-Aspen-Ln_Trumbull_CT_06611_M30344-44864
"Image for 155 Richards Dr, Monroe, CT 06468 is not found","Sold - Sep 19, 2022","$455,000",3bed,2bath,"2,694sqft",1.15acre lot,/realestateandhomes-detail/155-Richards-Dr_Monroe_CT_06468_M41398-92337
"Image for 68 Wood Rd, Redding, CT 06896 is not found","Sold - Sep 19, 2022","$765,000",4bed,2.5bath,"2,816sqft",2acre lot,/realestateandhomes-detail/68-Wood-Rd_Redding_CT_06896_M31677-30436
"Image for 94 Parry Rd, Stamford, CT 06907 is not found","Sold - Sep 19, 2022","$780,000",4bed,2.5+bath,"1,938sqft",1.07acre lot,/realestateandhomes-detail/94-Parry-Rd_Stamford_CT_06907_M35079-54154
"Image for 12 Broad Axe Ln, Wilton, CT 06897 is not found","Sold - Sep 19, 2022","$725,000",4bed,2bath,"1,928sqft",1.03acre lot,/realestateandhomes-detail/12-Broad-Axe-Ln_Wilton_CT_06897_M48832-82804
"Image for 109 Shear Hill Rd, Mahopac, NY 10541 is not found","Sold - Sep 15, 2022","$690,000",4bed,3bath,"2,572sqft",1.18acre lot,/realestateandhomes-detail/109-Shear-Hill-Rd_Mahopac_NY_10541_M90835-53325
"Image for 6 Belden Rd, Carmel, NY 10512 is not found","Sold - Sep 15, 2022","$750,000",3bed,2.5bath,"2,160sqft",1.39acre lot,/realestateandhomes-detail/6-Belden-Rd_Carmel_NY_10512_M40357-95108
"Image for 342 Shear Hill Rd, Carmel, NY 10512 is not found","Sold - Sep 15, 2022","$625,000",3bed,3bath,"2,239sqft",2.21acre lot,/realestateandhomes-detail/342-Shear-Hill-Rd_Carmel_NY_10512_M46504-59563
"Image for 11 Betsy Rd, Mahopac, NY 10541 is not found","Sold - Sep 14, 2022","$795,000",4bed,2.5bath,"2,990sqft",1.67acre lot,/realestateandhomes-detail/11-Betsy-Rd_Mahopac_NY_10541_M32066-91047
"Image for 317 W Shore Dr, Carmel, NY 10512 is not found","Sold - Sep 13, 2022","$675,000",4bed,3bath,"2,769sqft",1.43acre lot,/realestateandhomes-detail/317-W-Shore-Dr_Carmel_NY_10512_M30537-88885
"Image for 4 Pheasant Pl, Carmel, NY 10512 is not found","Sold - Sep 13, 2022","$650,000",3bed,2.5bath,"2,122sqft",1.38acre lot,/realestateandhomes-detail/4-Pheasant-Pl_Carmel_NY_10512_M40915-44958
"Image for 105 Blue Spruce Cir, Weston, CT 06883 is not found","Sold - Sep 9, 2022","$779,000",5bed,2.5bath,"2,691sqft",2.05acre lot,/realestateandhomes-detail/105-Blue-Spruce-Cir_Weston_CT_06883_M46544-06757
"Image for 22 Chalk Hill Rd, Monroe, CT 06468 is not found","Sold - Sep 8, 2022","$415,000",3bed,2bath,"2,236sqft",1.13acre lot,/realestateandhomes-detail/22-Chalk-Hill-Rd_Monroe_CT_06468_M32444-29004
"Image for 12 Winslow Rd, Weston, CT 06883 is not found","Sold - Sep 8, 2022","$700,000",4bed,4.5bath,"3,708sqft",3.09acre lot,/realestateandhomes-detail/12-Winslow-Rd_Weston_CT_06883_M38147-46561
"Image for 80 Drovers Ln, Brewster, NY 10509 is not found","Sold - Sep 8, 2022","$630,000",3bed,2.5bath,"2,531sqft",1.04acre lot,/realestateandhomes-detail/80-Drovers-Ln_Brewster_NY_10509_M30283-65288
"Image for 56 Glenvue Dr, Carmel, NY 10512 is not found","Sold - Sep 8, 2022","$645,000",3bed,2.5bath,"2,688sqft",1.21acre lot,/realestateandhomes-detail/56-Glenvue-Dr_Carmel_NY_10512_M36797-19027
"Image for 64 Queens Way, Mahopac, NY 10541 is not found","Sold - Sep 8, 2022","$549,000",3bed,2.5bath,"2,032sqft",2.93acre lot,/realestateandhomes-detail/64-Queens-Way_Mahopac_NY_10541_M40892-60363
"Image for 37 Turkey Roost Rd, Monroe, CT 06468 is not found","Sold - Sep 7, 2022","$430,000",3bed,2bath,"1,200sqft",1.07acre lot,/realestateandhomes-detail/37-Turkey-Roost-Rd_Monroe_CT_06468_M44424-54523
"Image for 12 Terra Glen Rd, Danbury, CT 06811 is not found","Sold - Sep 7, 2022","$572,500",4bed,2.5bath,"2,468sqft",1.43acre lot,/realestateandhomes-detail/12-Terra-Glen-Rd_Danbury_CT_06811_M48022-13635
"Image for 184 Chestnut Hill Rd, Trumbull, CT 06611 is not found","Sold - Sep 7, 2022","$700,000",4bed,2.5bath,"2,053sqft",1.22acre lot,/realestateandhomes-detail/184-Chestnut-Hill-Rd_Trumbull_CT_06611_M37316-58274
"Image for 63 Hillside Ter, Mahopac, NY 10541 is not found","Sold - Sep 7, 2022","$650,000",4bed,3bath,"2,489sqft",3.55acre lot,/realestateandhomes-detail/63-Hillside-Ter_Mahopac_NY_10541_M49140-67468
"Image for 96 Tanglewylde Rd, Lake Peekskill, NY 10537 is not found","Sold - Sep 7, 2022","$390,000",2bed,1bath,"1,440sqft",1.01acre lot,/realestateandhomes-detail/96-Tanglewylde-Rd_Lake-Peekskill_NY_10537_M38442-02674
"Image for 36 Johnson Pl, Monroe, CT 06468 is not found","Sold - Sep 6, 2022","$300,000",3bed,1bath,"1,200sqft",1acre lot,/realestateandhomes-detail/36-Johnson-Pl_Monroe_CT_06468_M44757-70276
"Image for 21 Woodmere Dr, Trumbull, CT 06611 is not found","Sold - Sep 6, 2022","$310,000",3bed,1bath,"1,222sqft",1.04acre lot,/realestateandhomes-detail/21-Woodmere-Dr_Trumbull_CT_06611_M49883-58240
"Image for 1 Wedgewood Ct, Newtown, CT 06470 is not found","Sold - Sep 2, 2022","$700,000",4bed,3.5bath,"3,316sqft",2.46acre lot,/realestateandhomes-detail/1-Wedgewood-Ct_Newtown_CT_06470_M30025-27548
"Image for 9 Sturges Rd, Newtown, CT 06470 is not found","Sold - Sep 2, 2022","$620,000",4bed,2bath,"2,745sqft",2.01acre lot,/realestateandhomes-detail/9-Sturges-Rd_Newtown_CT_06470_M31210-29912
"Image for 9 Mayfair Pl, Trumbull, CT 06611 is not found","Sold - Sep 2, 2022","$730,000",4bed,2.5bath,"2,741sqft",1acre lot,/realestateandhomes-detail/9-Mayfair-Pl_Trumbull_CT_06611_M30277-11101
"Image for 3 Stony Hill Ter, Ridgefield, CT 06877 is not found","Sold - Sep 2, 2022","$789,000",4bed,1.5bath,"1,924sqft",1.02acre lot,/realestateandhomes-detail/3-Stony-Hill-Ter_Ridgefield_CT_06877_M42208-33780
"Image for 3 Happy Hill Rd, Stamford, CT 06903 is not found","Sold - Sep 1, 2022","$800,000",4bed,3bath,"3,010sqft",1acre lot,/realestateandhomes-detail/3-Happy-Hill-Rd_Stamford_CT_06903_M32627-06986
"Image for 95 Peaceable St, Redding, CT 06896 is not found","Sold - Sep 1, 2022","$555,000",3bed,1bath,"1,393sqft",2.8acre lot,/realestateandhomes-detail/95-Peaceable-St_Redding_CT_06896_M46696-56751
"Image for 17 Old Stagecoach Rd, Redding, CT 06896 is not found","Sold - Sep 1, 2022","$632,000",3bed,2.5bath,"2,367sqft",2acre lot,/realestateandhomes-detail/17-Old-Stagecoach-Rd_Redding_CT_06896_M43680-71519
"Image for 62 Bob Hill Rd, Ridgefield, CT 06877 is not found","Sold - Sep 1, 2022","$630,000",3bed,2bath,"1,594sqft",1.06acre lot,/realestateandhomes-detail/62-Bob-Hill-Rd_Ridgefield_CT_06877_M48830-01123
"Image for 44 Highview Dr, Ridgefield, CT 06877 is not found","Sold - Aug 30, 2022","$765,000",4bed,1.5bath,"1,858sqft",1.3acre lot,/realestateandhomes-detail/44-Highview-Dr_Ridgefield_CT_06877_M31541-14029
"Image for 55 Stony Brook Dr, Monroe, CT 06468 is not found","Sold - Aug 30, 2022","$510,000",3bed,1.5bath,"1,536sqft",1.55acre lot,/realestateandhomes-detail/55-Stony-Brook-Dr_Monroe_CT_06468_M45627-08387
"Image for 96 Erickson Dr, Stamford, CT 06903 is not found","Sold - Aug 30, 2022","$800,000",4bed,2.5bath,"2,828sqft",1.15acre lot,/realestateandhomes-detail/96-Erickson-Dr_Stamford_CT_06903_M32302-51499
"Image for 47 Craig Dr, Monroe, CT 06468 is not found","Sold - Aug 29, 2022","$440,000",4bed,2.5bath,"2,423sqft",1acre lot,/realestateandhomes-detail/47-Craig-Dr_Monroe_CT_06468_M41570-71753
"Image for 44 E Starrs Plain Rd, Danbury, CT 06810 is not found","Sold - Aug 29, 2022","$575,000",3bed,2.5bath,"2,240sqft",1.89acre lot,/realestateandhomes-detail/44-E-Starrs-Plain-Rd_Danbury_CT_06810_M30587-15142
"Image for 28 Aspen Ledges Rd, Ridgefield, CT 06877 is not found","Sold - Aug 29, 2022","$615,000",3bed,2bath,"1,288sqft",1.21acre lot,/realestateandhomes-detail/28-Aspen-Ledges-Rd_Ridgefield_CT_06877_M36099-81823
"Image for 8 Dawning Ln, Ossining, NY 10562 is not found","Sold - Aug 29, 2022","$720,000",4bed,2.5bath,"2,436sqft",2.06acre lot,/realestateandhomes-detail/8-Dawning-Ln_Ossining_NY_10562_M40515-77586
"Image for 136 Roaring Brook Rd, Chappaqua, NY 10514 is not found","Sold - Aug 29, 2022","$585,000",4bed,2bath,"1,804sqft",1.03acre lot,/realestateandhomes-detail/136-Roaring-Brook-Rd_Chappaqua_NY_10514_M33413-41732
,"Sold - Aug 26, 2022","$710,000",4bed,3bath,"2,390sqft",2.2acre lot,/realestateandhomes-detail/201-Range-Rd_Wilton_CT_06897_M43557-36492
,"Sold - Aug 25, 2022","$630,000",4bed,2.5bath,"2,077sqft",1.01acre lot,/realestateandhomes-detail/11-Strawberry-Hill-Rd_Danbury_CT_06811_M48300-88560
,"Sold - Aug 25, 2022","$522,000",3bed,2.5bath,"1,234sqft",1.19acre lot,/realestateandhomes-detail/12-Cel-Bret-Dr_Danbury_CT_06810_M36435-03685
"Image for 23 Little Brook Ln, Newtown, CT 06470 is not found","Sold - Aug 25, 2022","$475,000",3bed,2bath,"2,265sqft",1.08acre lot,/realestateandhomes-detail/23-Little-Brook-Ln_Newtown_CT_06470_M38129-72744
"Image for 57 Chatham Rd, Stamford, CT 06903 is not found","Sold - Aug 24, 2022","$760,000",4bed,3bath,"2,632sqft",1.03acre lot,/realestateandhomes-detail/57-Chatham-Rd_Stamford_CT_06903_M32917-37155
"Image for 473 Moose Hill Rd, Monroe, CT 06468 is not found","Sold - Aug 23, 2022","$750,000",4bed,2.5+bath,"4,516sqft",2.38acre lot,/realestateandhomes-detail/473-Moose-Hill-Rd_Monroe_CT_06468_M49081-18368
"Image for 4 Red Oak Ln, Norwalk, CT 06850 is not found","Sold - Aug 23, 2022","$760,000",3bed,2.5bath,"2,785sqft",1.1acre lot,/realestateandhomes-detail/4-Red-Oak-Ln_Norwalk_CT_06850_M47582-54160
"Image for 15 Old Kings Hwy, Wilton, CT 06897 is not found","Sold - Aug 23, 2022","$785,000",4bed,2.5bath,"2,816sqft",1.21acre lot,/realestateandhomes-detail/15-Old-Kings-Hwy_Wilton_CT_06897_M46179-49293
"Image for 395 Cross Hill Rd, Monroe, CT 06468 is not found","Sold - Aug 22, 2022","$315,000",3bed,2bath,"1,757sqft",1.09acre lot,/realestateandhomes-detail/395-Cross-Hill-Rd_Monroe_CT_06468_M49486-86459
"Image for 5 Bayberry Hill Rd, Bethel, CT 06801 is not found","Sold - Aug 19, 2022","$525,000",3bed,2.5bath,"1,944sqft",1acre lot,/realestateandhomes-detail/5-Bayberry-Hill-Rd_Bethel_CT_06801_M37439-06358
"Image for 85 McFadden Dr, Wilton, CT 06897 is not found","Sold - Aug 19, 2022","$760,000",4bed,2bath,"2,344sqft",1.02acre lot,/realestateandhomes-detail/85-McFadden-Dr_Wilton_CT_06897_M44418-58085
"Image for 30 Glen Rd, Ridgefield, CT 06877 is not found","Sold - Aug 19, 2022","$619,000",3bed,2bath,"1,435sqft",1.98acre lot,/realestateandhomes-detail/30-Glen-Rd_Ridgefield_CT_06877_M46514-93716
"Image for 20 Harvest Hill Dr, Trumbull, CT 06611 is not found","Sold - Aug 19, 2022","$480,000",3bed,2bath,"2,066sqft",1.17acre lot,/realestateandhomes-detail/20-Harvest-Hill-Dr_Trumbull_CT_06611_M32830-88764
"Image for 1 Rippowam Rd, Ridgefield, CT 06877 is not found","Sold - Aug 19, 2022","$800,000",3bed,3bath,"3,010sqft",3acre lot,/realestateandhomes-detail/1-Rippowam-Rd_Ridgefield_CT_06877_M34902-86948
"Image for 66 Walnut Grove Rd, Ridgefield, CT 06877 is not found","Sold - Aug 18, 2022","$715,000",4bed,1.5bath,"1,600sqft",1acre lot,/realestateandhomes-detail/66-Walnut-Grove-Rd_Ridgefield_CT_06877_M47253-06176
"Image for 180 Riverbank Rd, Stamford, CT 06903 is not found","Sold - Aug 18, 2022","$765,000",4bed,3.5bath,"3,314sqft",2acre lot,/realestateandhomes-detail/180-Riverbank-Rd_Stamford_CT_06903_M36580-35476
"Image for 17 Pine Dr, Pound Ridge, NY 10576 is not found","Sold - Aug 18, 2022","$785,000",5bed,2.5bath,"3,609sqft",2.05acre lot,/realestateandhomes-detail/17-Pine-Dr_Pound-Ridge_NY_10576_M47023-94377
"Image for 13 David Rd, Somers, NY 10589 is not found","Sold - Aug 18, 2022","$725,000",4bed,3bath,"2,548sqft",1.13acre lot,/realestateandhomes-detail/13-David-Rd_Somers_NY_10589_M37723-90591
"Image for 1 Round Lake Rd, Ridgefield, CT 06877 is not found","Sold - Aug 18, 2022","$270,000",3bed,3bath,"1,542sqft",1.24acre lot,/realestateandhomes-detail/1-Round-Lake-Rd_Ridgefield_CT_06877_M41406-89443
"Image for 22 Hawley Ln, Monroe, CT 06468 is not found","Sold - Aug 17, 2022","$750,000",5bed,4bath,"4,000sqft",1.28acre lot,/realestateandhomes-detail/22-Hawley-Ln_Monroe_CT_06468_M43990-10475
"Image for 38 Laurie Rd, Trumbull, CT 06611 is not found","Sold - Aug 17, 2022","$645,000",4bed,3.5+bath,"3,723sqft",1.01acre lot,/realestateandhomes-detail/38-Laurie-Rd_Trumbull_CT_06611_M48608-25961
"Image for 30 Erskine Rd, Stamford, CT 06903 is not found","Sold - Aug 17, 2022","$755,250",4bed,3.5bath,"3,449sqft",1.2acre lot,/realestateandhomes-detail/30-Erskine-Rd_Stamford_CT_06903_M34784-76793
"Image for 470 Daniels Farm Rd, Trumbull, CT 06611 is not found","Sold - Aug 16, 2022","$700,000",3bed,4.5bath,"3,496sqft",2.4acre lot,/realestateandhomes-detail/470-Daniels-Farm-Rd_Trumbull_CT_06611_M44876-09290
"Image for 41 Oak Wood Dr, Monroe, CT 06468 is not found","Sold - Aug 16, 2022","$360,000",3bed,1bath,"1,234sqft",1.18acre lot,/realestateandhomes-detail/41-Oak-Wood-Dr_Monroe_CT_06468_M49441-40014
"Image for 573 Booth Hill Rd, Shelton, CT 06484 is not found","Sold - Aug 16, 2022","$475,325",4bed,2.5bath,"2,390sqft",1.02acre lot,/realestateandhomes-detail/573-Booth-Hill-Rd_Shelton_CT_06484_M39748-33254
"Image for 76 McFadden Dr, Wilton, CT 06897 is not found","Sold - Aug 15, 2022","$640,000",4bed,1.5bath,"1,604sqft",1.1acre lot,/realestateandhomes-detail/76-McFadden-Dr_Wilton_CT_06897_M47386-58572
"Image for 115 Beers Rd, Easton, CT 06612 is not found","Sold - Aug 15, 2022","$560,000",2bed,1.5bath,"1,723sqft",1.09acre lot,/realestateandhomes-detail/115-Beers-Rd_Easton_CT_06612_M31691-48468
"Image for 134 Deforest Rd, Wilton, CT 06897 is not found","Sold - Aug 15, 2022","$745,000",4bed,2.5bath,"2,548sqft",2.23acre lot,/realestateandhomes-detail/134-Deforest-Rd_Wilton_CT_06897_M37633-68442
"Image for 52 Apple Tree Ln, Stamford, CT 06905 is not found","Sold - Aug 15, 2022","$665,000",3bed,2bath,"1,648sqft",1.03acre lot,/realestateandhomes-detail/52-Apple-Tree-Ln_Stamford_CT_06905_M49292-51307
"Image for 121 Guinea Rd, Monroe, CT 06468 is not found","Sold - Aug 15, 2022","$590,000",4bed,2bath,"1,840sqft",2.07acre lot,/realestateandhomes-detail/121-Guinea-Rd_Monroe_CT_06468_M45355-90154
"Image for 114 Warren St, Somers, NY 10589 is not found","Sold - Aug 15, 2022","$700,000",3bed,2bath,"2,126sqft",6.54acre lot,/realestateandhomes-detail/114-Warren-St_Somers_NY_10589_M37685-50273
"Image for 66 Woodbine Dr, Mahopac, NY 10541 is not found","Sold - Aug 15, 2022","$720,000",3bed,3.5bath,"2,639sqft",1.27acre lot,/realestateandhomes-detail/66-Woodbine-Dr_Mahopac_NY_10541_M41625-25206
"Image for 60 Queens Way, Mahopac, NY 10541 is not found","Sold - Aug 15, 2022","$540,000",3bed,2bath,"3,306sqft",3.18acre lot,/realestateandhomes-detail/60-Queens-Way_Mahopac_NY_10541_M40902-29278
"Image for 855 Peekskill Hollow Rd, Putnam Valley, NY 10579 is not found","Sold - Aug 15, 2022","$580,000",3bed,2.5bath,"2,249sqft",1.82acre lot,/realestateandhomes-detail/855-Peekskill-Hollow-Rd_Putnam-Valley_NY_10579_M43258-18330
"Image for 42 Oak Ridge Cir, Mahopac, NY 10541 is not found","Sold - Aug 15, 2022","$674,900",4bed,2.5bath,"3,552sqft",1.95acre lot,/realestateandhomes-detail/42-Oak-Ridge-Cir_Mahopac_NY_10541_M37714-30512
"Image for 284 Whiting Pond Rd, Fairfield, CT 06824 is not found","Sold - Aug 12, 2022","$800,000",4bed,2.5bath,"1,946sqft",2.04acre lot,/realestateandhomes-detail/284-Whiting-Pond-Rd_Fairfield_CT_06824_M42979-22678
"Image for 49 Poverty Hollow Rd, Newtown, CT 06470 is not found","Sold - Aug 10, 2022","$786,000",4bed,3bath,"2,509sqft",7.73acre lot,/realestateandhomes-detail/49-Poverty-Hollow-Rd_Newtown_CT_06470_M31639-63611
"Image for 63 Seth Low Mountain Rd, Ridgefield, CT 06877 is not found","Sold - Aug 10, 2022","$799,000",4bed,2.5bath,"2,704sqft",1.28acre lot,/realestateandhomes-detail/63-Seth-Low-Mountain-Rd_Ridgefield_CT_06877_M43137-71892
"Image for 39 Lorraine Dr, Monroe, CT 06468 is not found","Sold - Aug 10, 2022","$475,000",3bed,1bath,"1,248sqft",1.2acre lot,/realestateandhomes-detail/39-Lorraine-Dr_Monroe_CT_06468_M49867-34986
"Image for 39 Ward Dr S, Danbury, CT 06810 is not found","Sold - Aug 9, 2022","$460,000",3bed,2.5bath,"1,388sqft",1.54acre lot,/realestateandhomes-detail/39-Ward-Dr-S_Danbury_CT_06810_M43138-06193
"Image for 91 Chestnut Ridge Rd, Mahopac, NY 10541 is not found","Sold - Aug 9, 2022","$375,000",6bed,2.5bath,"1,542sqft",1.47acre lot,/realestateandhomes-detail/91-Chestnut-Ridge-Rd_Mahopac_NY_10541_M34312-66989
"Image for 113 Old Dike Rd, Trumbull, CT 06611 is not found","Sold - Aug 8, 2022","$412,500",3bed,1bath,"1,361sqft",1.13acre lot,/realestateandhomes-detail/113-Old-Dike-Rd_Trumbull_CT_06611_M42238-89588
,"Sold - Aug 8, 2022","$750,000",4bed,4bath,"3,634sqft",1acre lot,/realestateandhomes-detail/264-Dundee-Rd_Stamford_CT_06903_M39640-89290
,"Sold - Aug 8, 2022","$488,000",4bed,2.5bath,"2,319sqft",1.01acre lot,/realestateandhomes-detail/811-Daniels-Farm-Rd_Trumbull_CT_06611_M38378-35425
,"Sold - Aug 8, 2022","$642,000",3bed,2bath,"2,222sqft",2acre lot,/realestateandhomes-detail/11-Silversmith-Ln_Redding_CT_06896_M33600-59965
"Image for 24 Lonetown Rd, Redding, CT 06896 is not found","Sold - Aug 8, 2022","$635,000",3bed,2.5bath,"2,154sqft",2.1acre lot,/realestateandhomes-detail/24-Lonetown-Rd_Redding_CT_06896_M42759-01655
"Image for 7 White Birch Rd, Ridgefield, CT 06877 is not found","Sold - Aug 5, 2022","$715,000",4bed,1.5bath,"1,945sqft",1.53acre lot,/realestateandhomes-detail/7-White-Birch-Rd_Ridgefield_CT_06877_M41383-38356
"Image for 34 Minor Rd, Brewster, NY 10509 is not found","Sold - Aug 5, 2022","$719,000",4bed,3bath,"2,658sqft",3.55acre lot,/realestateandhomes-detail/34-Minor-Rd_Brewster_NY_10509_M43455-67292
"Image for 32 Flat Swamp Rd, Newtown, CT 06470 is not found","Sold - Aug 4, 2022","$569,900",4bed,2.5bath,"2,230sqft",1.02acre lot,/realestateandhomes-detail/32-Flat-Swamp-Rd_Newtown_CT_06470_M45830-36179
"Image for 70 Church Rd, Easton, CT 06612 is not found","Sold - Aug 4, 2022","$710,000",4bed,2bath,"2,006sqft",3.19acre lot,/realestateandhomes-detail/70-Church-Rd_Easton_CT_06612_M48760-63177
"Image for 36 Botsford Hill Rd, Newtown, CT 06470 is not found","Sold - Aug 4, 2022","$450,000",3bed,2bath,"1,288sqft",1.15acre lot,/realestateandhomes-detail/36-Botsford-Hill-Rd_Newtown_CT_06470_M37909-11306
"Image for 255 Booth Hill Rd, Trumbull, CT 06611 is not found","Sold - Aug 4, 2022","$480,000",3bed,2bath,"1,458sqft",1.01acre lot,/realestateandhomes-detail/255-Booth-Hill-Rd_Trumbull_CT_06611_M32436-18600
"Image for 15 Chestnut Ridge Rd, Mahopac, NY 10541 is not found","Sold - Aug 4, 2022","$325,000",4bed,2bath,"2,829sqft",8.03acre lot,/realestateandhomes-detail/15-Chestnut-Ridge-Rd_Mahopac_NY_10541_M38119-38592
"Image for 6 Lamppost Dr, Redding, CT 06896 is not found","Sold - Aug 4, 2022","$610,000",4bed,2.5bath,"2,952sqft",2.02acre lot,/realestateandhomes-detail/6-Lamppost-Dr_Redding_CT_06896_M32723-44344
"Image for 11 Tackora Trl, Ridgefield, CT 06877 is not found","Sold - Aug 4, 2022","$549,000",3bed,1.5bath,"1,854sqft",3.52acre lot,/realestateandhomes-detail/11-Tackora-Trl_Ridgefield_CT_06877_M36807-12582
"Image for 80 Wedgewood Dr, Easton, CT 06612 is not found","Sold - Aug 3, 2022","$650,000",3bed,2.5bath,"1,896sqft",1.01acre lot,/realestateandhomes-detail/80-Wedgewood-Dr_Easton_CT_06612_M32035-07667
"Image for 3 Wilderness West Rd, Newtown, CT 06470 is not found","Sold - Aug 3, 2022","$540,000",5bed,2.5bath,"2,607sqft",2.81acre lot,/realestateandhomes-detail/3-Wilderness-West-Rd_Newtown_CT_06470_M37185-89484
"Image for 7 Maltbie Rd, Newtown, CT 06470 is not found","Sold - Aug 3, 2022","$740,000",4bed,3.5bath,"3,033sqft",2acre lot,/realestateandhomes-detail/7-Maltbie-Rd_Newtown_CT_06470_M34113-94948
"Image for 1 Crow Hollow Ln, Westport, CT 06880 is not found","Sold - Aug 2, 2022","$575,000",2bed,1.5bath,916sqft,1acre lot,/realestateandhomes-detail/1-Crow-Hollow-Ln_Westport_CT_06880_M41748-94503
"Image for 233 Saddle Hill Rd, Stamford, CT 06903 is not found","Sold - Aug 2, 2022","$750,000",4bed,3bath,"3,196sqft",1.12acre lot,/realestateandhomes-detail/233-Saddle-Hill-Rd_Stamford_CT_06903_M39249-71423
"Image for 4 Sweetbrier Ln, Monroe, CT 06468 is not found","Sold - Aug 2, 2022","$680,000",4bed,3.5bath,"3,255sqft",1acre lot,/realestateandhomes-detail/4-Sweetbrier-Ln_Monroe_CT_06468_M47636-34733
"Image for 54 Split Level Rd, Ridgefield, CT 06877 is not found","Sold - Aug 2, 2022","$660,000",4bed,2bath,"2,066sqft",1.24acre lot,/realestateandhomes-detail/54-Split-Level-Rd_Ridgefield_CT_06877_M39153-08171
"Image for 4 Annarock Dr, Somers, NY 10589 is not found","Sold - Aug 2, 2022","$585,000",3bed,2bath,"1,880sqft",2.04acre lot,/realestateandhomes-detail/4-Annarock-Dr_Somers_NY_10589_M40910-87005
"Image for 2 Abbotts Hill Rd, Newtown, CT 06470 is not found","Sold - Aug 1, 2022","$790,000",4bed,3.5bath,"2,789sqft",2.21acre lot,/realestateandhomes-detail/2-Abbotts-Hill-Rd_Newtown_CT_06470_M30984-09669
"Image for 7 Highridge Dr, Monroe, CT 06468 is not found","Sold - Aug 1, 2022","$531,900",3bed,1.5bath,"1,734sqft",1.17acre lot,/realestateandhomes-detail/7-Highridge-Dr_Monroe_CT_06468_M45926-47644
"Image for 29 Harvester Rd, Monroe, CT 06468 is not found","Sold - Aug 1, 2022","$600,000",4bed,2.5bath,"2,156sqft",1.01acre lot,/realestateandhomes-detail/29-Harvester-Rd_Monroe_CT_06468_M44342-64056
"Image for 46 West St, Newtown, CT 06470 is not found","Sold - Aug 1, 2022","$750,000",6bed,3.5bath,"3,598sqft",1.13acre lot,/realestateandhomes-detail/46-West-St_Newtown_CT_06470_M31518-14913
"Image for 470 Fan Hill Rd, Monroe, CT 06468 is not found","Sold - Aug 1, 2022","$410,000",3bed,2bath,"2,163sqft",1.95acre lot,/realestateandhomes-detail/470-Fan-Hill-Rd_Monroe_CT_06468_M34258-02346
"Image for 118 Huntingtown Rd, Newtown, CT 06470 is not found","Sold - Aug 1, 2022","$750,000",4bed,2.5+bath,"2,352sqft",2acre lot,/realestateandhomes-detail/118-Huntingtown-Rd_Newtown_CT_06470_M39346-94685
"Image for 241 Old Stagecoach Rd, Ridgefield, CT 06877 is not found","Sold - Aug 1, 2022","$737,000",3bed,2bath,"2,048sqft",1.21acre lot,/realestateandhomes-detail/241-Old-Stagecoach-Rd_Ridgefield_CT_06877_M47574-15079
"Image for 167 Tanton Hill Rd, Ridgefield, CT 06877 is not found","Sold - Aug 1, 2022","$800,000",3bed,3bath,"2,628sqft",1.01acre lot,/realestateandhomes-detail/167-Tanton-Hill-Rd_Ridgefield_CT_06877_M47650-10086
"Image for 26 Russet Rd, Stamford, CT 06903 is not found","Sold - Aug 1, 2022","$780,000",4bed,2.5bath,"2,312sqft",1acre lot,/realestateandhomes-detail/26-Russet-Rd_Stamford_CT_06903_M32735-14109
"Image for 3 Saunders Ln, Ridgefield, CT 06877 is not found","Sold - Aug 1, 2022","$712,500",3bed,2bath,"2,436sqft",1.17acre lot,/realestateandhomes-detail/3-Saunders-Ln_Ridgefield_CT_06877_M45532-12053
"Image for 650 Elm St, Monroe, CT 06468 is not found","Sold - Aug 1, 2022","$575,000",4bed,3.5bath,"2,908sqft",1acre lot,/realestateandhomes-detail/650-Elm-St_Monroe_CT_06468_M44657-83003
"Image for 3756 North St, Fairfield, CT 06824 is not found","Sold - Jul 29, 2022","$700,000",3bed,2.5bath,"1,566sqft",2.43acre lot,/realestateandhomes-detail/3756-North-St_Fairfield_CT_06824_M34140-11787
"Image for 52 Columbine Dr, Trumbull, CT 06611 is not found","Sold - Jul 29, 2022","$425,000",4bed,2bath,"2,300sqft",1.08acre lot,/realestateandhomes-detail/52-Columbine-Dr_Trumbull_CT_06611_M42913-78210
"Image for 1070 Knollwood Rd, White Plains, NY 10603 is not found","Sold - Jul 29, 2022","$725,000",3bed,2bath,"1,802sqft",1.11acre lot,/realestateandhomes-detail/1070-Knollwood-Rd_White-Plains_NY_10603_M41746-12058
"Image for 299 Westover Rd, Stamford, CT 06902 is not found","Sold - Jul 29, 2022","$695,000",3bed,1.5bath,"1,992sqft",1.27acre lot,/realestateandhomes-detail/299-Westover-Rd_Stamford_CT_06902_M44933-40205
"Image for 235 Nod Rd, Ridgefield, CT 06877 is not found","Sold - Jul 28, 2022","$656,000",5bed,3.5+bath,"5,558sqft",2acre lot,/realestateandhomes-detail/235-Nod-Rd_Ridgefield_CT_06877_M43167-22383
"Image for 27 Irmgard Ln, Wilton, CT 06897 is not found","Sold - Jul 28, 2022","$649,000",3bed,3bath,"2,844sqft",1.34acre lot,/realestateandhomes-detail/27-Irmgard-Ln_Wilton_CT_06897_M35613-10760
"Image for 156 Twin Brook Ter, Monroe, CT 06468 is not found","Sold - Jul 28, 2022","$445,000",3bed,1bath,"1,200sqft",1acre lot,/realestateandhomes-detail/156-Twin-Brook-Ter_Monroe_CT_06468_M32238-95470
"Image for 32 Seth Low Mountain Rd, Ridgefield, CT 06877 is not found","Sold - Jul 27, 2022","$645,000",4bed,2bath,"1,232sqft",1.01acre lot,/realestateandhomes-detail/32-Seth-Low-Mountain-Rd_Ridgefield_CT_06877_M36192-23777
"Image for 11 Werf Dr, Redding, CT 06896 is not found","Sold - Jul 26, 2022","$520,000",3bed,1.5bath,"1,248sqft",2.37acre lot,/realestateandhomes-detail/11-Werf-Dr_Redding_CT_06896_M44250-39957
"Image for 63 Pine Mountain Rd, Ridgefield, CT 06877 is not found","Sold - Jul 26, 2022","$680,000",2bed,2bath,"2,053sqft",1.98acre lot,/realestateandhomes-detail/63-Pine-Mountain-Rd_Ridgefield_CT_06877_M31844-82624
,"Sold - Jul 26, 2022","$655,000",4bed,3bath,"2,268sqft",3acre lot,/realestateandhomes-detail/81-Vista-Dr_Easton_CT_06612_M36335-45455
,"Sold - Jul 26, 2022","$485,000",3bed,2bath,"1,851sqft",1.1acre lot,/realestateandhomes-detail/50-Maplewood-Dr_Monroe_CT_06468_M40302-55934
,"Sold - Jul 26, 2022","$621,600",5bed,2.5bath,"2,226sqft",1acre lot,/realestateandhomes-detail/5-Hollow-Spring-Rd_Norwalk_CT_06854_M38350-94009
"Image for 27 Sky Top Rd, Ridgefield, CT 06877 is not found","Sold - Jul 26, 2022","$270,000",3bed,1.5bath,"1,122sqft",1.16acre lot,/realestateandhomes-detail/27-Sky-Top-Rd_Ridgefield_CT_06877_M41072-61892
"Image for 32 Blueberry Dr, Brewster, NY 10509 is not found","Sold - Jul 26, 2022","$350,000",2bed,1bath,"1,833sqft",1.17acre lot,/realestateandhomes-detail/32-Blueberry-Dr_Brewster_NY_10509_M43307-35447
"Image for 23 Great Hill Rd, Newtown, CT 06470 is not found","Sold - Jul 25, 2022","$725,000",4bed,2.5bath,"3,122sqft",2.32acre lot,/realestateandhomes-detail/23-Great-Hill-Rd_Newtown_CT_06470_M34701-74711
"Image for 34 Partrick Ln, Wilton, CT 06897 is not found","Sold - Jul 25, 2022","$590,000",2bed,2bath,"1,536sqft",2.52acre lot,/realestateandhomes-detail/34-Partrick-Ln_Wilton_CT_06897_M49891-81240
"Image for 106 Wyldewood Rd, Easton, CT 06612 is not found","Sold - Jul 25, 2022","$560,000",6bed,4.5+bath,"3,772sqft",3.06acre lot,/realestateandhomes-detail/106-Wyldewood-Rd_Easton_CT_06612_M35074-11612
"Image for 2 Alpine Rd, Monroe, CT 06468 is not found","Sold - Jul 22, 2022","$620,000",4bed,2.5bath,"2,084sqft",1.02acre lot,/realestateandhomes-detail/2-Alpine-Rd_Monroe_CT_06468_M42300-01386
"Image for 37 Nashville Road Ext, Bethel, CT 06801 is not found","Sold - Jul 22, 2022","$640,000",3bed,2.5bath,"2,128sqft",1.45acre lot,/realestateandhomes-detail/37-Nashville-Road-Ext_Bethel_CT_06801_M42618-06384
"Image for 35 Granite Springs Rd, Granite Springs, NY 10527 is not found","Sold - Jul 22, 2022","$700,000",4bed,2bath,"2,362sqft",1.43acre lot,/realestateandhomes-detail/35-Granite-Springs-Rd_Granite-Springs_NY_10527_M49639-29910
"Image for 55 Joes Hill Rd, Danbury, CT 06811 is not found","Sold - Jul 21, 2022","$670,000",4bed,2.5bath,"3,095sqft",1.84acre lot,/realestateandhomes-detail/55-Joes-Hill-Rd_Danbury_CT_06811_M44318-79219
"Image for 122 Aunt Hack Rd, Danbury, CT 06811 is not found","Sold - Jul 21, 2022","$435,000",3bed,3bath,"1,518sqft",1.37acre lot,/realestateandhomes-detail/122-Aunt-Hack-Rd_Danbury_CT_06811_M43760-57803
"Image for 635 Booth Hill Rd, Shelton, CT 06484 is not found","Sold - Jul 20, 2022","$410,000",3bed,1.5bath,"1,296sqft",1.28acre lot,/realestateandhomes-detail/635-Booth-Hill-Rd_Shelton_CT_06484_M43565-59675
"Image for 15 Pebble Rd, Newtown, CT 06470 is not found","Sold - Jul 20, 2022","$505,100",3bed,2bath,"1,236sqft",1.02acre lot,/realestateandhomes-detail/15-Pebble-Rd_Newtown_CT_06470_M35535-79040
"Image for 30 Nichols Rd, Brewster, NY 10509 is not found","Sold - Jul 20, 2022","$551,000",3bed,2bath,"2,566sqft",1.43acre lot,/realestateandhomes-detail/30-Nichols-Rd_Brewster_NY_10509_M48494-02834
"Image for 87 Sugarloaf Dr, Wilton, CT 06897 is not found","Sold - Jul 20, 2022","$700,000",3bed,2bath,"1,348sqft",1.15acre lot,/realestateandhomes-detail/87-Sugarloaf-Dr_Wilton_CT_06897_M40577-98431
"Image for 22 Derby Ln, Ossining, NY 10562 is not found","Sold - Jul 20, 2022","$764,000",5bed,2.5bath,"2,474sqft",1.24acre lot,/realestateandhomes-detail/22-Derby-Ln_Ossining_NY_10562_M30279-89571
"Image for 581 Wood Rd, Mahopac, NY 10541 is not found","Sold - Jul 20, 2022","$675,000",3bed,3bath,"2,188sqft",1.18acre lot,/realestateandhomes-detail/581-Wood-Rd_Mahopac_NY_10541_M39561-57789
"Image for 25 Springbrook Dr, Mahopac, NY 10541 is not found","Sold - Jul 20, 2022","$400,000",4bed,3.5bath,"2,724sqft",3.9acre lot,/realestateandhomes-detail/25-Springbrook-Dr_Mahopac_NY_10541_M30698-50506
"Image for 10 Old Branchville Rd, Ridgefield, CT 06877 is not found","Sold - Jul 20, 2022","$450,000",3bed,1.5bath,"1,547sqft",2.65acre lot,/realestateandhomes-detail/10-Old-Branchville-Rd_Ridgefield_CT_06877_M36489-53590
"Image for 35 Memory Ln, Mahopac, NY 10541 is not found","Sold - Jul 20, 2022","$690,000",4bed,2.5bath,"2,796sqft",2.25acre lot,/realestateandhomes-detail/35-Memory-Ln_Mahopac_NY_10541_M41154-58321
"Image for 22 Shana Ln, Mahopac, NY 10541 is not found","Sold - Jul 20, 2022","$600,000",4bed,2.5bath,"2,240sqft",1.38acre lot,/realestateandhomes-detail/22-Shana-Ln_Mahopac_NY_10541_M39100-11180
"Image for 19 Hillston Rd, Trumbull, CT 06611 is not found","Sold - Jul 19, 2022","$660,000",3bed,3bath,"1,992sqft",1acre lot,/realestateandhomes-detail/19-Hillston-Rd_Trumbull_CT_06611_M31246-39818
"Image for 40 Putnam Park Rd, Bethel, CT 06801 is not found","Sold - Jul 19, 2022","$507,500",3bed,2bath,"1,552sqft",1.74acre lot,/realestateandhomes-detail/40-Putnam-Park-Rd_Bethel_CT_06801_M30726-52422
"Image for 48 Mimosa Cir, Ridgefield, CT 06877 is not found","Sold - Jul 19, 2022","$759,000",4bed,2.5bath,"2,307sqft",1.25acre lot,/realestateandhomes-detail/48-Mimosa-Cir_Ridgefield_CT_06877_M34303-29195
"Image for 7 Greenlawn Rd, Katonah, NY 10536 is not found","Sold - Jul 19, 2022","$799,000",3bed,3bath,"3,960sqft",2.98acre lot,/realestateandhomes-detail/7-Greenlawn-Rd_Katonah_NY_10536_M47133-55639
"Image for 28 Parker Dr E, Mahopac, NY 10541 is not found","Sold - Jul 19, 2022","$450,000",4bed,3bath,"2,228sqft",2.38acre lot,/realestateandhomes-detail/28-Parker-Dr-E_Mahopac_NY_10541_M36056-60227
"Image for 15 Coach Rd, Danbury, CT 06811 is not found","Sold - Jul 19, 2022","$400,000",3bed,2bath,"1,470sqft",1.1acre lot,/realestateandhomes-detail/15-Coach-Rd_Danbury_CT_06811_M41802-70765
"Image for 6 Jacklin Rd, Bethel, CT 06801 is not found","Sold - Jul 18, 2022","$465,000",4bed,3bath,"2,052sqft",1.86acre lot,/realestateandhomes-detail/6-Jacklin-Rd_Bethel_CT_06801_M32060-36432
"Image for 16 Par Ln, Trumbull, CT 06611 is not found","Sold - Jul 18, 2022","$699,000",3bed,2.5bath,"2,834sqft",1.13acre lot,/realestateandhomes-detail/16-Par-Ln_Trumbull_CT_06611_M48330-98694
"Image for 1 Gretchen Ln, Bethel, CT 06801 is not found","Sold - Jul 18, 2022","$620,000",4bed,2.5bath,"2,884sqft",1acre lot,/realestateandhomes-detail/1-Gretchen-Ln_Bethel_CT_06801_M38756-04198
"Image for 31 Rockwood Ln, Danbury, CT 06811 is not found","Sold - Jul 18, 2022","$410,000",3bed,1.5bath,"1,595sqft",1.3acre lot,/realestateandhomes-detail/31-Rockwood-Ln_Danbury_CT_06811_M30556-42581
"Image for 121 Briar Brae Rd, Stamford, CT 06903 is not found","Sold - Jul 18, 2022","$695,000",2bed,2.5bath,"1,520sqft",1.19acre lot,/realestateandhomes-detail/121-Briar-Brae-Rd_Stamford_CT_06903_M36376-65527
"Image for 132 Huntingtown Rd, Newtown, CT 06470 is not found","Sold - Jul 18, 2022","$695,000",4bed,3.5bath,"2,640sqft",1.96acre lot,/realestateandhomes-detail/132-Huntingtown-Rd_Newtown_CT_06470_M34910-09522
"Image for 37 Bear Hills Rd, Newtown, CT 06470 is not found","Sold - Jul 18, 2022","$475,000",3bed,2bath,"2,262sqft",2.95acre lot,/realestateandhomes-detail/37-Bear-Hills-Rd_Newtown_CT_06470_M37729-91279
"Image for 95 Cobb Rd, Brewster, NY 10509 is not found","Sold - Jul 18, 2022","$575,000",3bed,2bath,"2,265sqft",1.38acre lot,/realestateandhomes-detail/95-Cobb-Rd_Brewster_NY_10509_M48404-21742
"Image for 68 Spruce Knls, Putnam Valley, NY 10579 is not found","Sold - Jul 18, 2022","$575,000",4bed,2bath,"2,246sqft",1.18acre lot,/realestateandhomes-detail/68-Spruce-Knls_Putnam-Valley_NY_10579_M37094-11760
"Image for 22 Emily Ln, Mahopac, NY 10541 is not found","Sold - Jul 18, 2022","$800,000",4bed,3.5bath,"2,624sqft",2.76acre lot,/realestateandhomes-detail/22-Emily-Ln_Mahopac_NY_10541_M43017-62140
"Image for 117 Sawmill Rd, Stamford, CT 06903 is not found","Sold - Jul 15, 2022","$756,000",4bed,4bath,"5,237sqft",1acre lot,/realestateandhomes-detail/117-Sawmill-Rd_Stamford_CT_06903_M49108-61344
"Image for 1533 Brookside Dr, Fairfield, CT 06824 is not found","Sold - Jul 15, 2022","$788,000",4bed,2.5bath,"2,536sqft",1.06acre lot,/realestateandhomes-detail/1533-Brookside-Dr_Fairfield_CT_06824_M30891-87128
"Image for 72 Saint Johns Rd, Wilton, CT 06897 is not found","Sold - Jul 15, 2022","$716,000",3bed,2.5bath,"2,634sqft",2.25acre lot,/realestateandhomes-detail/72-Saint-Johns-Rd_Wilton_CT_06897_M47276-52004
,"Sold - Jul 15, 2022","$603,000",3bed,2.5bath,"5,332sqft",1.1acre lot,/realestateandhomes-detail/84-Maple-Wood-Dr_Brewster_NY_10509_M32252-03997
,"Sold - Jul 14, 2022","$401,800",3bed,1bath,"1,353sqft",1acre lot,/realestateandhomes-detail/111-Georgetown-Rd_Weston_CT_06883_M38936-51920
,"Sold - Jul 14, 2022","$699,900",4bed,2bath,"2,585sqft",1.12acre lot,/realestateandhomes-detail/11-Granite-Springs-Rd_Granite-Springs_NY_10527_M31212-79890
"Image for 155 Carriage Hill Rd, Brewster, NY 10509 is not found","Sold - Jul 14, 2022","$760,000",4bed,2.5bath,"2,911sqft",1.16acre lot,/realestateandhomes-detail/155-Carriage-Hill-Rd_Brewster_NY_10509_M46886-74824
"Image for 12 Fini Dr, Carmel, NY 10512 is not found","Sold - Jul 14, 2022","$650,000",3bed,2bath,"2,970sqft",1.69acre lot,/realestateandhomes-detail/12-Fini-Dr_Carmel_NY_10512_M40513-35006
"Image for 25 Albin Rd, Carmel, NY 10512 is not found","Sold - Jul 14, 2022","$547,500",3bed,2bath,"1,900sqft",1.26acre lot,/realestateandhomes-detail/25-Albin-Rd_Carmel_NY_10512_M40642-29022
"Image for 80 Watermelon Hill Rd, Mahopac, NY 10541 is not found","Sold - Jul 14, 2022","$515,000",3bed,1.5bath,"1,919sqft",1.5acre lot,/realestateandhomes-detail/80-Watermelon-Hill-Rd_Mahopac_NY_10541_M41015-58124
"Image for 128 Aunt Hack Rd, Danbury, CT 06811 is not found","Sold - Jul 14, 2022","$555,000",4bed,2.5bath,"1,634sqft",1.19acre lot,/realestateandhomes-detail/128-Aunt-Hack-Rd_Danbury_CT_06811_M43725-88922
"Image for 21 Sunset Hill Rd, Bethel, CT 06801 is not found","Sold - Jul 13, 2022","$749,000",4bed,2.5bath,"3,274sqft",3.41acre lot,/realestateandhomes-detail/21-Sunset-Hill-Rd_Bethel_CT_06801_M39029-94666
"Image for 116 Blanket Meadow Rd, Monroe, CT 06468 is not found","Sold - Jul 13, 2022","$715,000",4bed,2.5bath,"3,213sqft",2.67acre lot,/realestateandhomes-detail/116-Blanket-Meadow-Rd_Monroe_CT_06468_M40661-51077
"Image for 10 Sugar Hill Rd, Newtown, CT 06470 is not found","Sold - Jul 13, 2022","$550,000",4bed,2.5bath,"2,302sqft",2.42acre lot,/realestateandhomes-detail/10-Sugar-Hill-Rd_Newtown_CT_06470_M37508-95724
"Image for 3180 Old Yorktown Rd, Yorktown Heights, NY 10598 is not found","Sold - Jul 13, 2022","$252,000",2bed,1bath,"1,420sqft",3.11acre lot,/realestateandhomes-detail/3180-Old-Yorktown-Rd_Yorktown-Heights_NY_10598_M39910-38619
"Image for 114 Harvester Rd, Monroe, CT 06468 is not found","Sold - Jul 12, 2022","$525,000",3bed,1.5bath,"1,652sqft",1.01acre lot,/realestateandhomes-detail/114-Harvester-Rd_Monroe_CT_06468_M47436-11977
"Image for 136 Godfrey Rd E, Weston, CT 06883 is not found","Sold - Jul 12, 2022","$543,625",3bed,3.5+bath,"2,989sqft",2acre lot,/realestateandhomes-detail/136-Godfrey-Rd-E_Weston_CT_06883_M32721-01152
"Image for 6 Bird Ln, Garrison, NY 10524 is not found","Sold - Jul 12, 2022","$525,000",3bed,1.5bath,"1,960sqft",1.43acre lot,/realestateandhomes-detail/6-Bird-Ln_Garrison_NY_10524_M48367-55159
"Image for 34 Somerset Ln, Putnam Valley, NY 10579 is not found","Sold - Jul 12, 2022","$490,000",3bed,2bath,"2,364sqft",1acre lot,/realestateandhomes-detail/34-Somerset-Ln_Putnam-Valley_NY_10579_M43395-32197
"Image for 27 Geneva Rd, Norwalk, CT 06850 is not found","Sold - Jul 11, 2022","$760,000",5bed,3bath,"2,282sqft",1.01acre lot,/realestateandhomes-detail/27-Geneva-Rd_Norwalk_CT_06850_M34551-30460
"Image for 108 Parry Rd, Stamford, CT 06907 is not found","Sold - Jul 11, 2022","$728,000",3bed,3bath,"2,426sqft",1.06acre lot,/realestateandhomes-detail/108-Parry-Rd_Stamford_CT_06907_M49884-86302
"Image for 125 Picketts Ridge Rd, Redding, CT 06896 is not found","Sold - Jul 11, 2022","$740,000",3bed,3bath,"2,295sqft",6.82acre lot,/realestateandhomes-detail/125-Picketts-Ridge-Rd_Redding_CT_06896_M37823-68294
"Image for 46 Pheasant Ridge Rd, Redding, CT 06896 is not found","Sold - Jul 11, 2022","$605,000",3bed,2.5bath,"2,971sqft",2.26acre lot,/realestateandhomes-detail/46-Pheasant-Ridge-Rd_Redding_CT_06896_M43613-26384
"Image for 21 Blueberry Hill Rd, Mahopac, NY 10541 is not found","Sold - Jul 11, 2022","$380,000",2bed,1bath,"1,454sqft",1.8acre lot,/realestateandhomes-detail/21-Blueberry-Hill-Rd_Mahopac_NY_10541_M38213-29609
"Image for 66 Peter Rd, Brewster, NY 10509 is not found","Sold - Jul 11, 2022","$580,000",4bed,2bath,"2,576sqft",2acre lot,/realestateandhomes-detail/66-Peter-Rd_Brewster_NY_10509_M44109-68408
"Image for 53 Center Rd, Easton, CT 06612 is not found","Sold - Jul 8, 2022","$644,000",3bed,2.5bath,"2,708sqft",3acre lot,/realestateandhomes-detail/53-Center-Rd_Easton_CT_06612_M36294-31680
"Image for 51 Park Dr, Putnam Valley, NY 10579 is not found","Sold - Jul 8, 2022","$775,000",4bed,2.5bath,"2,538sqft",2.35acre lot,/realestateandhomes-detail/51-Park-Dr_Putnam-Valley_NY_10579_M37629-25654
"Image for 1 Hoyt Rd, Bethel, CT 06801 is not found","Sold - Jul 7, 2022","$560,000",4bed,3bath,"1,766sqft",1.75acre lot,/realestateandhomes-detail/1-Hoyt-Rd_Bethel_CT_06801_M37459-18718
"Image for 5205 Madison Ave, Trumbull, CT 06611 is not found","Sold - Jul 7, 2022","$660,000",4bed,2.5bath,"2,412sqft",1.01acre lot,/realestateandhomes-detail/5205-Madison-Ave_Trumbull_CT_06611_M40127-73132
"Image for 39 Richards Dr, Monroe, CT 06468 is not found","Sold - Jul 7, 2022","$780,000",3bed,2.5bath,"2,280sqft",5acre lot,/realestateandhomes-detail/39-Richards-Dr_Monroe_CT_06468_M35172-73360
"Image for 9 Red Oak Ln, Norwalk, CT 06850 is not found","Sold - Jul 7, 2022","$725,000",3bed,2.5bath,"1,743sqft",1.18acre lot,/realestateandhomes-detail/9-Red-Oak-Ln_Norwalk_CT_06850_M44612-39523
"Image for 17 Jarrod Dr, Danbury, CT 06811 is not found","Sold - Jul 7, 2022","$585,000",4bed,2bath,"2,261sqft",1.37acre lot,/realestateandhomes-detail/17-Jarrod-Dr_Danbury_CT_06811_M47775-06315
"Image for 151 Brushy Hill Rd, Danbury, CT 06810 is not found","Sold - Jul 6, 2022","$510,000",4bed,2bath,"1,804sqft",3.11acre lot,/realestateandhomes-detail/151-Brushy-Hill-Rd_Danbury_CT_06810_M33677-61604
"Image for 16 Theresa Ct, Carmel, NY 10512 is not found","Sold - Jul 6, 2022","$760,000",4bed,3.5bath,"4,124sqft",1.38acre lot,/realestateandhomes-detail/16-Theresa-Ct_Carmel_NY_10512_M34575-76744
"Image for 86 Blanket Meadow Rd, Monroe, CT 06468 is not found","Sold - Jul 6, 2022","$730,000",4bed,2.5bath,"3,950sqft",2.27acre lot,/realestateandhomes-detail/86-Blanket-Meadow-Rd_Monroe_CT_06468_M31923-31216
"Image for 54 Harvey Rd, Ridgefield, CT 06877 is not found","Sold - Jul 6, 2022","$550,000",3bed,2bath,"1,792sqft",2.43acre lot,/realestateandhomes-detail/54-Harvey-Rd_Ridgefield_CT_06877_M42977-65390
"Image for 10 Putnam Hill Dr, Redding, CT 06896 is not found","Sold - Jul 5, 2022","$720,000",4bed,2.5bath,"2,748sqft",2.33acre lot,/realestateandhomes-detail/10-Putnam-Hill-Dr_Redding_CT_06896_M44186-04137
"Image for 183 Banks Rd, Easton, CT 06612 is not found","Sold - Jul 5, 2022","$750,000",3bed,2.5bath,"2,525sqft",3acre lot,/realestateandhomes-detail/183-Banks-Rd_Easton_CT_06612_M36391-58091
"Image for 6 Tannery Ln N, Weston, CT 06883 is not found","Sold - Jul 5, 2022","$725,000",3bed,2.5bath,"2,681sqft",3.55acre lot,/realestateandhomes-detail/6-Tannery-Ln-N_Weston_CT_06883_M34559-25823
"Image for 3 Jays Rd, Monroe, CT 06468 is not found","Sold - Jul 5, 2022","$525,000",3bed,1.5bath,"1,406sqft",1.03acre lot,/realestateandhomes-detail/3-Jays-Rd_Monroe_CT_06468_M39790-15263
"Image for 9 Tory Ln, Newtown, CT 06470 is not found","Sold - Jul 5, 2022","$525,000",2bed,2bath,"1,570sqft",1.96acre lot,/realestateandhomes-detail/9-Tory-Ln_Newtown_CT_06470_M32165-46251
"Image for 32 Deer Hill Rd, Redding, CT 06896 is not found","Sold - Jul 5, 2022","$400,000",4bed,2bath,"1,482sqft",2.19acre lot,/realestateandhomes-detail/32-Deer-Hill-Rd_Redding_CT_06896_M43500-60880
"Image for 56 Beach Hill Rd, Trumbull, CT 06611 is not found","Sold - Jul 5, 2022","$487,500",3bed,2bath,"1,506sqft",1.16acre lot,/realestateandhomes-detail/56-Beach-Hill-Rd_Trumbull_CT_06611_M40552-61198
"Image for 15 Edgewood Dr, Carmel, NY 10512 is not found","Sold - Jul 5, 2022","$300,000",2bed,2bath,"1,960sqft",2.16acre lot,/realestateandhomes-detail/15-Edgewood-Dr_Carmel_NY_10512_M44138-09457
"Image for 136 Thunder Hill Dr, Stamford, CT 06902 is not found","Sold - Jul 1, 2022","$695,000",3bed,1.5bath,"1,551sqft",1.01acre lot,/realestateandhomes-detail/136-Thunder-Hill-Dr_Stamford_CT_06902_M33080-62787
,"Sold - Jul 1, 2022","$800,000",4bed,2.5bath,"2,192sqft",1.01acre lot,/realestateandhomes-detail/43-Hunting-Ridge-Rd_Stamford_CT_06903_M43975-60252
,"Sold - Jun 30, 2022","$760,000",3bed,1.5bath,"1,858sqft",2acre lot,/realestateandhomes-detail/15-White-Birch-Rd_Redding_CT_06896_M49529-37925
,"Sold - Jun 30, 2022","$672,000",4bed,2.5bath,"3,121sqft",1.52acre lot,/realestateandhomes-detail/24-Kristy-Dr_Bethel_CT_06801_M41221-92940
"Image for 141 Boggs Hill Rd, Newtown, CT 06470 is not found","Sold - Jun 30, 2022","$580,000",3bed,3.5bath,"1,668sqft",2.01acre lot,/realestateandhomes-detail/141-Boggs-Hill-Rd_Newtown_CT_06470_M31339-27261
"Image for 23 Split Rock Rd, Newtown, CT 06470 is not found","Sold - Jun 30, 2022","$679,000",5bed,2.5+bath,"3,260sqft",2.44acre lot,/realestateandhomes-detail/23-Split-Rock-Rd_Newtown_CT_06470_M33290-74481
"Image for 136 Putnam Park Rd, Bethel, CT 06801 is not found","Sold - Jun 30, 2022","$460,000",4bed,3bath,"2,896sqft",2acre lot,/realestateandhomes-detail/136-Putnam-Park-Rd_Bethel_CT_06801_M37499-06174
"Image for 76 Jennifer Ln, Mahopac, NY 10541 is not found","Sold - Jun 30, 2022","$750,000",4bed,2bath,"3,139sqft",1.54acre lot,/realestateandhomes-detail/76-Jennifer-Ln_Mahopac_NY_10541_M45694-80670
"Image for 25 Felix Ln, Norwalk, CT 06850 is not found","Sold - Jun 29, 2022","$730,000",4bed,2bath,"2,010sqft",1.33acre lot,/realestateandhomes-detail/25-Felix-Ln_Norwalk_CT_06850_M46963-55430
"Image for 42 Tanglewood Dr, Danbury, CT 06811 is not found","Sold - Jun 29, 2022","$655,000",4bed,2.5bath,"2,897sqft",1.84acre lot,/realestateandhomes-detail/42-Tanglewood-Dr_Danbury_CT_06811_M37217-62164
"Image for 33 Old Bethel Rd, Newtown, CT 06470 is not found","Sold - Jun 29, 2022","$540,000",4bed,2.5bath,"1,988sqft",1.53acre lot,/realestateandhomes-detail/33-Old-Bethel-Rd_Newtown_CT_06470_M47354-01914
"Image for 30 Poverty Hollow Rd, Newtown, CT 06470 is not found","Sold - Jun 29, 2022","$670,000",4bed,2.5bath,"2,801sqft",2.27acre lot,/realestateandhomes-detail/30-Poverty-Hollow-Rd_Newtown_CT_06470_M41001-89403
"Image for 467 Pepper St, Monroe, CT 06468 is not found","Sold - Jun 29, 2022","$650,000",3bed,1bath,"1,080sqft",4.3acre lot,/realestateandhomes-detail/467-Pepper-St_Monroe_CT_06468_M45699-49353
"Image for 48 Putnam Park Rd, Redding, CT 06896 is not found","Sold - Jun 28, 2022","$570,000",4bed,2bath,"1,198sqft",2.26acre lot,/realestateandhomes-detail/48-Putnam-Park-Rd_Redding_CT_06896_M48131-64747
"Image for 455 Tashua Rd, Trumbull, CT 06611 is not found","Sold - Jun 28, 2022","$651,000",3bed,2.5bath,"1,688sqft",1.16acre lot,/realestateandhomes-detail/455-Tashua-Rd_Trumbull_CT_06611_M37375-68794
"Image for 32 Cross Hwy, Redding, CT 06896 is not found","Sold - Jun 27, 2022","$540,000",4bed,3bath,"1,758sqft",2acre lot,/realestateandhomes-detail/32-Cross-Hwy_Redding_CT_06896_M44838-86028
"Image for 7 Dowling Dr, Ridgefield, CT 06877 is not found","Sold - Jun 27, 2022","$700,000",3bed,3bath,"1,980sqft",3.51acre lot,/realestateandhomes-detail/7-Dowling-Dr_Ridgefield_CT_06877_M37448-39229
"Image for 13 Gilbert Ln, Putnam Valley, NY 10579 is not found","Sold - Jun 27, 2022","$800,000",3bed,2.5bath,"1,981sqft",1.31acre lot,/realestateandhomes-detail/13-Gilbert-Ln_Putnam-Valley_NY_10579_M44896-04347
"Image for 55 Peaceful Valley Rd, Trumbull, CT 06611 is not found","Sold - Jun 24, 2022","$662,500",4bed,2.5bath,"2,572sqft",1.21acre lot,/realestateandhomes-detail/55-Peaceful-Valley-Rd_Trumbull_CT_06611_M40226-11341
"Image for 2 Juengst Rd, Croton Falls, NY 10519 is not found","Sold - Jun 24, 2022","$600,000",3bed,2bath,"2,191sqft",2.48acre lot,/realestateandhomes-detail/2-Juengst-Rd_Croton-Falls_NY_10519_M49051-02424
"Image for 7 Mayflower Rd, Norwalk, CT 06850 is not found","Sold - Jun 23, 2022","$677,000",3bed,2.5bath,"2,422sqft",1.07acre lot,/realestateandhomes-detail/7-Mayflower-Rd_Norwalk_CT_06850_M49853-93229
"Image for 90 Poplar Rd, Ridgefield, CT 06877 is not found","Sold - Jun 23, 2022","$674,539",3bed,2bath,"2,337sqft",3.14acre lot,/realestateandhomes-detail/90-Poplar-Rd_Ridgefield_CT_06877_M37658-31327
"Image for 47 Emma Rd, Stamford, CT 06905 is not found","Sold - Jun 23, 2022","$543,000",3bed,1.5bath,"1,524sqft",1.64acre lot,/realestateandhomes-detail/47-Emma-Rd_Stamford_CT_06905_M39693-58309
"Image for 1 Weber Hill Rd, Mahopac, NY 10541 is not found","Sold - Jun 23, 2022","$325,000",3bed,1.5bath,"1,365sqft",1.23acre lot,/realestateandhomes-detail/1-Weber-Hill-Rd_Mahopac_NY_10541_M49178-05435
"Image for 1 Sunset Rdg # A, Danbury, CT 06811 is not found","Sold - Jun 23, 2022","$500,000",3bed,2bath,"1,589sqft",1.1acre lot,/realestateandhomes-detail/1-Sunset-Rdg-A_Danbury_CT_06811_M34109-10947
"Image for 41 Rolling Ridge Rd, Ridgefield, CT 06877 is not found","Sold - Jun 22, 2022","$750,000",4bed,3bath,"2,802sqft",1.05acre lot,/realestateandhomes-detail/41-Rolling-Ridge-Rd_Ridgefield_CT_06877_M31323-50719
"Image for 9 Bragdon Ave, Danbury, CT 06811 is not found","Sold - Jun 21, 2022","$700,000",4bed,3.5bath,"3,630sqft",1.29acre lot,/realestateandhomes-detail/9-Bragdon-Ave_Danbury_CT_06811_M48531-18912
"Image for 39 Iron Gate Rd, Stamford, CT 06903 is not found","Sold - Jun 21, 2022","$775,000",4bed,2.5bath,"3,464sqft",1.05acre lot,/realestateandhomes-detail/39-Iron-Gate-Rd_Stamford_CT_06903_M36472-54247
"Image for 59 Winesap Rd, Stamford, CT 06903 is not found","Sold - Jun 21, 2022","$700,000",3bed,3bath,"2,184sqft",1acre lot,/realestateandhomes-detail/59-Winesap-Rd_Stamford_CT_06903_M36266-46180
"Image for 140 Bennetts Farm Rd, Ridgefield, CT 06877 is not found","Sold - Jun 21, 2022","$525,000",3bed,2bath,"1,274sqft",1acre lot,/realestateandhomes-detail/140-Bennetts-Farm-Rd_Ridgefield_CT_06877_M34506-99145
"Image for 38 Purdy Hill Rd, Monroe, CT 06468 is not found","Sold - Jun 20, 2022","$485,000",2bed,2bath,"1,688sqft",1.02acre lot,/realestateandhomes-detail/38-Purdy-Hill-Rd_Monroe_CT_06468_M41504-01149
"Image for 22 Starr Ln, Bethel, CT 06801 is not found","Sold - Jun 20, 2022","$750,000",4bed,3.5bath,"4,474sqft",1.84acre lot,/realestateandhomes-detail/22-Starr-Ln_Bethel_CT_06801_M36631-97589
"Image for 410 Peekskill Hollow Rd, Putnam Valley, NY 10579 is not found","Sold - Jun 20, 2022","$351,000",2bed,2bath,"1,686sqft",1.52acre lot,/realestateandhomes-detail/410-Peekskill-Hollow-Rd_Putnam-Valley_NY_10579_M37076-60261
"Image for 266 Cutlers Farm Rd, Monroe, CT 06468 is not found","Sold - Jun 17, 2022","$610,000",4bed,2bath,"2,689sqft",1.31acre lot,/realestateandhomes-detail/266-Cutlers-Farm-Rd_Monroe_CT_06468_M39803-94103
"Image for 5 Whippoorwill Ln, Weston, CT 06883 is not found","Sold - Jun 17, 2022","$690,000",4bed,3bath,"2,847sqft",1.84acre lot,/realestateandhomes-detail/5-Whippoorwill-Ln_Weston_CT_06883_M42185-32922
"Image for 64 Range Rd, Wilton, CT 06897 is not found","Sold - Jun 17, 2022","$750,000",3bed,1.5bath,"2,060sqft",1acre lot,/realestateandhomes-detail/64-Range-Rd_Wilton_CT_06897_M44181-19680
"Image for 204 Sharp Hill Rd, Wilton, CT 06897 is not found","Sold - Jun 17, 2022","$525,000",3bed,1.5bath,"1,224sqft",1acre lot,/realestateandhomes-detail/204-Sharp-Hill-Rd_Wilton_CT_06897_M37845-22383
"Image for 4 Rockhouse Rd, Wilton, CT 06897 is not found","Sold - Jun 16, 2022","$695,000",4bed,2.5bath,"1,840sqft",1.93acre lot,/realestateandhomes-detail/4-Rockhouse-Rd_Wilton_CT_06897_M33030-20329
"Image for 4 Morningside Dr, Ossining, NY 10562 is not found","Sold - Jun 16, 2022","$618,000",3bed,3bath,"2,258sqft",1.96acre lot,/realestateandhomes-detail/4-Morningside-Dr_Ossining_NY_10562_M48637-18642
"Image for 70 Elvira Ln, Fairfield, CT 06824 is not found","Sold - Jun 15, 2022","$675,000",4bed,2.5bath,"2,390sqft",2.58acre lot,/realestateandhomes-detail/70-Elvira-Ln_Fairfield_CT_06824_M42118-01085
"Image for 41 Carriage House Dr, Danbury, CT 06810 is not found","Sold - Jun 15, 2022","$500,000",3bed,2.5bath,"1,400sqft",1.52acre lot,/realestateandhomes-detail/41-Carriage-House-Dr_Danbury_CT_06810_M38924-77447
"Image for 4 Saw Mill Ridge Rd, Newtown, CT 06470 is not found","Sold - Jun 15, 2022","$515,000",4bed,2.5bath,"2,278sqft",1acre lot,/realestateandhomes-detail/4-Saw-Mill-Ridge-Rd_Newtown_CT_06470_M35924-78202
"Image for 190 Old Redding Rd, Redding, CT 06896 is not found","Sold - Jun 15, 2022","$500,000",2bed,2bath,"2,273sqft",1.82acre lot,/realestateandhomes-detail/190-Old-Redding-Rd_Redding_CT_06896_M46689-48698
